Workbook

Sheet Ventas
A1: Fecha de Venta | B1: Mes_num | C1: Mes_txt | D1: Región | E1: Tienda | F1: Cantidad de Productos Vendidos | G1: Precio Unitario | H1: Total de Venta ($) | K1: Región | L1: Tienda | M1: 1. Ventas del ultimo Mes para cada region | N1: 2. Unidades Vendidas en el Mes | P1: mes seleccionado | Q1: January
A2: 45292 | B2: =MONTH(A2) -> 1 | C2: =_xlfn.XLOOKUP(B2,catalogos!$A$2:$A$13,catalogos!$B$2:$B$13) -> January | D2: Oeste | E2: Tienda D | F2: 45 | G2: 467 | H2: 21015 | K2: Centro | L2: Tienda A | M2: =SUMIFS($H$1:$H$1501,$D$1:$D$1501,"="&K2,$E$1:$E$1501,"="&L2,$C$1:$C$1501,"="&$Q$1) -> 280262 | N2: =SUMIFS($F$1:$F$1501,$D$1:$D$1501,"="&K2,$E$1:$E$1501,"="&L2,$C$1:$C$1501,"="&$Q$1) -> 1410
A3: 45292 | B3: =MONTH(A3) -> 1 | C3: =_xlfn.XLOOKUP(B3,catalogos!$A$2:$A$13,catalogos!$B$2:$B$13) -> January | D3: Sur | E3: Tienda B | F3: 51 | G3: 300 | H3: 15300 | K3: Centro | L3: Tienda B | M3: =SUMIFS($H$1:$H$1501,$D$1:$D$1501,"="&K3,$E$1:$E$1501,"="&L3,$C$1:$C$1501,"="&$Q$1) -> 341763 | N3: =SUMIFS($F$1:$F$1501,$D$1:$D$1501,"="&K3,$E$1:$E$1501,"="&L3,$C$1:$C$1501,"="&$Q$1) -> 1308
A4: 45292 | B4: =MONTH(A4) -> 1 | C4: =_xlfn.XLOOKUP(B4,catalogos!$A$2:$A$13,catalogos!$B$2:$B$13) -> January | D4: Norte | E4: Tienda D | F4: 69 | G4: 298 | H4: 20562 | K4: Centro | L4: Tienda C | M4: =SUMIFS($H$1:$H$1501,$D$1:$D$1501,"="&K4,$E$1:$E$1501,"="&L4,$C$1:$C$1501,"="&$Q$1) -> 344141 | N4: =SUMIFS($F$1:$F$1501,$D$1:$D$1501,"="&K4,$E$1:$E$1501,"="&L4,$C$1:$C$1501,"="&$Q$1) -> 1354
A5: 45292 | B5: =MONTH(A5) -> 1 | C5: =_xlfn.XLOOKUP(B5,catalogos!$A$2:$A$13,catalogos!$B$2:$B$13) -> January | D5: Centro | E5: Tienda D | F5: 83 | G5: 445 | H5: 36935 | K5: Centro | L5: Tienda D | M5: =SUMIFS($H$1:$H$1501,$D$1:$D$1501,"="&K5,$E$1:$E$1501,"="&L5,$C$1:$C$1501,"="&$Q$1) -> 387430 | N5: =SUMIFS($F$1:$F$1501,$D$1:$D$1501,"="&K5,$E$1:$E$1501,"="&L5,$C$1:$C$1501,"="&$Q$1) -> 1569
A6: 45292 | B6: =MONTH(A6) -> 1 | C6: =_xlfn.XLOOKUP(B6,catalogos!$A$2:$A$13,catalogos!$B$2:$B$13) -> January | D6: Sur | E6: Tienda D | F6: 22 | G6: 231 | H6: 5082 | K6: Centro | L6: Tienda E | M6: =SUMIFS($H$1:$H$1501,$D$1:$D$1501,"="&K6,$E$1:$E$1501,"="&L6,$C$1:$C$1501,"="&$Q$1) -> 480069 | N6: =SUMIFS($F$1:$F$1501,$D$1:$D$1501,"="&K6,$E$1:$E$1501,"="&L6,$C$1:$C$1501,"="&$Q$1) -> 1859
A7: 45292 | B7: =MONTH(A7) -> 1 | C7: =_xlfn.XLOOKUP(B7,catalogos!$A$2:$A$13,catalogos!$B$2:$B$13) -> January | D7: Norte | E7: Tienda D | F7: 64 | G7: 437 | H7: 27968 | K7: Este | L7: Tienda A | M7: =SUMIFS($H$1:$H$1501,$D$1:$D$1501,"="&K7,$E$1:$E$1501,"="&L7,$C$1:$C$1501,"="&$Q$1) -> 305154 | N7: =SUMIFS($F$1:$F$1501,$D$1:$D$1501,"="&K7,$E$1:$E$1501,"="&L7,$C$1:$C$1501,"="&$Q$1) -> 1154
A8: 45292 | B8: =MONTH(A8) -> 1 | C8: =_xlfn.XLOOKUP(B8,catalogos!$A$2:$A$13,catalogos!$B$2:$B$13) -> January | D8: Norte | E8: Tienda A | F8: 10 | G8: 275 | H8: 2750 | K8: Este | L8: Tienda B | M8: =SUMIFS($H$1:$H$1501,$D$1:$D$1501,"="&K8,$E$1:$E$1501,"="&L8,$C$1:$C$1501,"="&$Q$1) -> 317421 | N8: =SUMIFS($F$1:$F$1501,$D$1:$D$1501,"="&K8,$E$1:$E$1501,"="&L8,$C$1:$C$1501,"="&$Q$1) -> 1503
A9: 45292 | B9: =MONTH(A9) -> 1 | C9: =_xlfn.XLOOKUP(B9,catalogos!$A$2:$A$13,catalogos!$B$2:$B$13) -> January | D9: Sur | E9: Tienda C | F9: 12 | G9: 23 | H9: 276 | K9: Este | L9: Tienda C | M9: =SUMIFS($H$1:$H$1501,$D$1:$D$1501,"="&K9,$E$1:$E$1501,"="&L9,$C$1:$C$1501,"="&$Q$1) -> 410419 | N9: =SUMIFS($F$1:$F$1501,$D$1:$D$1501,"="&K9,$E$1:$E$1501,"="&L9,$C$1:$C$1501,"="&$Q$1) -> 1630
A10: 45292 | B10: =MONTH(A10) -> 1 | C10: =_xlfn.XLOOKUP(B10,catalogos!$A$2:$A$13,catalogos!$B$2:$B$13) -> January | D10: Este | E10: Tienda E | F10: 47 | G10: 419 | H10: 19693 | K10: Este | L10: Tienda D | M10: =SUMIFS($H$1:$H$1501,$D$1:$D$1501,"="&K10,$E$1:$E$1501,"="&L10,$C$1:$C$1501,"="&$Q$1) -> 308900 | N10: =SUMIFS($F$1:$F$1501,$D$1:$D$1501,"="&K10,$E$1:$E$1501,"="&L10,$C$1:$C$1501,"="&$Q$1) -> 1392
A11: 45292 | B11: =MONTH(A11) -> 1 | C11: =_xlfn.XLOOKUP(B11,catalogos!$A$2:$A$13,catalogos!$B$2:$B$13) -> January | D11: Este | E11: Tienda C | F11: 8 | G11: 286 | H11: 2288 | K11: Este | L11: Tienda E | M11: =SUMIFS($H$1:$H$1501,$D$1:$D$1501,"="&K11,$E$1:$E$1501,"="&L11,$C$1:$C$1501,"="&$Q$1) -> 429280 | N11: =SUMIFS($F$1:$F$1501,$D$1:$D$1501,"="&K11,$E$1:$E$1501,"="&L11,$C$1:$C$1501,"="&$Q$1) -> 1699
A12: 45292 | B12: =MONTH(A12) -> 1 | C12: =_xlfn.XLOOKUP(B12,catalogos!$A$2:$A$13,catalogos!$B$2:$B$13) -> January | D12: Norte | E12: Tienda D | F12: 82 | G12: 5 | H12: 410 | K12: Norte | L12: Tienda A | M12: =SUMIFS($H$1:$H$1501,$D$1:$D$1501,"="&K12,$E$1:$E$1501,"="&L12,$C$1:$C$1501,"="&$Q$1) -> 389785 | N12: =SUMIFS($F$1:$F$1501,$D$1:$D$1501,"="&K12,$E$1:$E$1501,"="&L12,$C$1:$C$1501,"="&$Q$1) -> 1218
A13: 45292 | B13: =MONTH(A13) -> 1 | C13: =_xlfn.XLOOKUP(B13,catalogos!$A$2:$A$13,catalogos!$B$2:$B$13) -> January | D13: Centro | E13: Tienda A | F13: 35 | G13: 344 | H13: 12040 | K13: Norte | L13: Tienda B | M13: =SUMIFS($H$1:$H$1501,$D$1:$D$1501,"="&K13,$E$1:$E$1501,"="&L13,$C$1:$C$1501,"="&$Q$1) -> 353322 | N13: =SUMIFS($F$1:$F$1501,$D$1:$D$1501,"="&K13,$E$1:$E$1501,"="&L13,$C$1:$C$1501,"="&$Q$1) -> 1393
... A26: 45293 | B26: =MONTH(A26) -> 1 | C26: =_xlfn.XLOOKUP(B26,catalogos!$A$2:$A$13,catalogos!$B$2:$B$13) -> January | D26: Oeste | E26: Tienda D | F26: 47 | G26: 136 | H26: 6392 | K26: Sur | L26: Tienda E | M26: =SUMIFS($H$1:$H$1501,$D$1:$D$1501,"="&K26,$E$1:$E$1501,"="&L26,$C$1:$C$1501,"="&$Q$1) -> 456346 | N26: =SUMIFS($F$1:$F$1501,$D$1:$D$1501,"="&K26,$E$1:$E$1501,"="&L26,$C$1:$C$1501,"="&$Q$1) -> 1876
A27: 45293 | B27: =MONTH(A27) -> 1 | C27: =_xlfn.XLOOKUP(B27,catalogos!$A$2:$A$13,catalogos!$B$2:$B$13) -> January | D27: Este | E27: Tienda B | F27: 42 | G27: 55 | H27: 2310
A28: 45293 | B28: =MONTH(A28) -> 1 | C28: =_xlfn.XLOOKUP(B28,catalogos!$A$2:$A$13,catalogos!$B$2:$B$13) -> January | D28: Norte | E28: Tienda D | F28: 36 | G28: 226 | H28: 8136
A29: 45293 | B29: =MONTH(A29) -> 1 | C29: =_xlfn.XLOOKUP(B29,catalogos!$A$2:$A$13,catalogos!$B$2:$B$13) -> January | D29: Sur | E29: Tienda D | F29: 51 | G29: 397 | H29: 20247
A30: 45293 | B30: =MONTH(A30) -> 1 | C30: =_xlfn.XLOOKUP(B30,catalogos!$A$2:$A$13,catalogos!$B$2:$B$13) -> January | D30: Sur | E30: Tienda B | F30: 16 | G30: 330 | H30: 5280
A31: 45293 | B31: =MONTH(A31) -> 1 | C31: =_xlfn.XLOOKUP(B31,catalogos!$A$2:$A$13,catalogos!$B$2:$B$13) -> January | D31: Centro | E31: Tienda B | F31: 97 | G31: 149 | H31: 14453
A32: 45293 | B32: =MONTH(A32) -> 1 | C32: =_xlfn.XLOOKUP(B32,catalogos!$A$2:$A$13,catalogos!$B$2:$B$13) -> January | D32: Norte | E32: Tienda E | F32: 1 | G32: 455 | H32: 455
A33: 45293 | B33: =MONTH(A33) -> 1 | C33: =_xlfn.XLOOKUP(B33,catalogos!$A$2:$A$13,catalogos!$B$2:$B$13) -> January | D33: Este | E33: Tienda D | F33: 67 | G33: 164 | H33: 10988
A34: 45293 | B34: =MONTH(A34) -> 1 | C34: =_xlfn.XLOOKUP(B34,catalogos!$A$2:$A$13,catalogos!$B$2:$B$13) -> January | D34: Centro | E34: Tienda D | F34: 96 | G34: 492 | H34: 47232
A35: 45293 | B35: =MONTH(A35) -> 1 | C35: =_xlfn.XLOOKUP(B35,catalogos!$A$2:$A$13,catalogos!$B$2:$B$13) -> January | D35: Sur | E35: Tienda C | F35: 39 | G35: 440 | H35: 17160
A36: 45293 | B36: =MONTH(A36) -> 1 | C36: =_xlfn.XLOOKUP(B36,catalogos!$A$2:$A$13,catalogos!$B$2:$B$13) -> January | D36: Oeste | E36: Tienda D | F36: 77 | G36: 416 | H36: 32032
A37: 45293 | B37: =MONTH(A37) -> 1 | C37: =_xlfn.XLOOKUP(B37,catalogos!$A$2:$A$13,catalogos!$B$2:$B$13) -> January | D37: Este | E37: Tienda C | F37: 96 | G37: 196 | H37: 18816
A38: 45293 | B38: =MONTH(A38) -> 1 | C38: =_xlfn.XLOOKUP(B38,catalogos!$A$2:$A$13,catalogos!$B$2:$B$13) -> January | D38: Oeste | E38: Tienda B | F38: 90 | G38: 334 | H38: 30060
... A1501: 45354 | B1501: =MONTH(A1501) -> 3 | C1501: =_xlfn.XLOOKUP(B1501,catalogos!$A$2:$A$13,catalogos!$B$2:$B$13) -> March | D1501: Este | E1501: Tienda B | F1501: 98 | G1501: 294 | H1501: 28812

Sheet catalogos
A1: Mes_num | B1: Mes_txt
A2: 1 | B2: January
A3: 2 | B3: February
A4: 3 | B4: March
A5: 4 | B5: April
A6: 5 | B6: May
A7: 6 | B7: June
A8: 7 | B8: July
A9: 8 | B9: August
A10: 9 | B10: September
A11: 10 | B11: October
A12: 11 | B12: November
A13: 12 | B13: December

Sheet Clientes
A1: ID Cliente | B1: Fecha de Transacción | C1: Monto de la Transacción ($) | D1: Segmento
A2: 95514 | B2: 45292 | C2: 2932 | D2: Recurrente
A3: 46134 | B3: 45292 | C3: 3765 | D3: VIP
A4: 64661 | B4: 45292 | C4: 2587 | D4: VIP | G4: ID Cliente | H4: 1. Ticket promedio | J4: Segmento | K4: 2. Ticket promedio
A5: 45322 | B5: 45292 | C5: 4867 | D5: Recurrente | G5: 95514 | H5: =AVERAGEIF($A$2:$A$1501,"="&G5,$C$2:$C$1501) -> 2932 | J5: Recurrente | K5: =AVERAGEIF($D$2:$D$1501,"="&J5,$C$2:$C$1501) -> 2491.3642
A6: 22644 | B6: 45292 | C6: 4347 | D6: Nuevo | G6: 46134 | H6: =AVERAGEIF($A$2:$A$1501,"="&G6,$C$2:$C$1501) -> 3765 | J6: VIP | K6: =AVERAGEIF($D$2:$D$1501,"="&J6,$C$2:$C$1501) -> 2507.5648
A7: 25013 | B7: 45292 | C7: 4343 | D7: Nuevo | G7: 64661 | H7: =AVERAGEIF($A$2:$A$1501,"="&G7,$C$2:$C$1501) -> 2587 | J7: Nuevo | K7: =AVERAGEIF($D$2:$D$1501,"="&J7,$C$2:$C$1501) -> 2473.0535
A8: 19981 | B8: 45292 | C8: 4726 | D8: VIP | G8: 45322 | H8: =AVERAGEIF($A$2:$A$1501,"="&G8,$C$2:$C$1501) -> 4867
A9: 51408 | B9: 45292 | C9: 4572 | D9: VIP | G9: 22644 | H9: =AVERAGEIF($A$2:$A$1501,"="&G9,$C$2:$C$1501) -> 4347
A10: 80466 | B10: 45292 | C10: 4718 | D10: VIP | G10: 25013 | H10: =AVERAGEIF($A$2:$A$1501,"="&G10,$C$2:$C$1501) -> 4343
A11: 58701 | B11: 45292 | C11: 2424 | D11: Nuevo | G11: 19981 | H11: =AVERAGEIF($A$2:$A$1501,"="&G11,$C$2:$C$1501) -> 4726
A12: 19588 | B12: 45292 | C12: 1938 | D12: VIP | G12: 51408 | H12: =AVERAGEIF($A$2:$A$1501,"="&G12,$C$2:$C$1501) -> 4572
A13: 46448 | B13: 45292 | C13: 1911 | D13: Recurrente | G13: 80466 | H13: =AVERAGEIF($A$2:$A$1501,"="&G13,$C$2:$C$1501) -> 4718
A14: 29567 | B14: 45292 | C14: 1533 | D14: Nuevo | G14: 58701 | H14: =AVERAGEIF($A$2:$A$1501,"="&G14,$C$2:$C$1501) -> 2424
A15: 21906 | B15: 45292 | C15: 4962 | D15: Nuevo | G15: 19588 | H15: =AVERAGEIF($A$2:$A$1501,"="&G15,$C$2:$C$1501) -> 1938
A16: 82641 | B16: 45292 | C16: 4036 | D16: Nuevo | G16: 46448 | H16: =AVERAGEIF($A$2:$A$1501,"="&G16,$C$2:$C$1501) -> 1911
A17: 30600 | B17: 45292 | C17: 976 | D17: VIP | G17: 29567 | H17: =AVERAGEIF($A$2:$A$1501,"="&G17,$C$2:$C$1501) -> 1533
A18: 84885 | B18: 45292 | C18: 212 | D18: VIP | G18: 21906 | H18: =AVERAGEIF($A$2:$A$1501,"="&G18,$C$2:$C$1501) -> 4962
A19: 68040 | B19: 45292 | C19: 712 | D19: Recurrente | G19: 82641 | H19: =AVERAGEIF($A$2:$A$1501,"="&G19,$C$2:$C$1501) -> 4036
... A1491: 51810 | B1491: 45354 | C1491: 3949 | D1491: Recurrente | G1491: 15058 | H1491: =AVERAGEIF($A$2:$A$1501,"="&G1491,$C$2:$C$1501) -> 3770
A1492: 52320 | B1492: 45354 | C1492: 3501 | D1492: VIP
A1493: 33046 | B1493: 45354 | C1493: 4195 | D1493: VIP
A1494: 21387 | B1494: 45354 | C1494: 3201 | D1494: Recurrente
A1495: 35601 | B1495: 45354 | C1495: 3325 | D1495: VIP
A1496: 47757 | B1496: 45354 | C1496: 611 | D1496: Recurrente
A1497: 33666 | B1497: 45354 | C1497: 4385 | D1497: Recurrente
A1498: 84798 | B1498: 45354 | C1498: 1196 | D1498: Nuevo
A1499: 99082 | B1499: 45354 | C1499: 2986 | D1499: Nuevo
A1500: 93137 | B1500: 45354 | C1500: 975 | D1500: VIP
A1501: 15058 | B1501: 45354 | C1501: 3770 | D1501: Nuevo

Sheet Prestamos
A1: ID Cliente | B1: Fecha de Solicitud | C1: Monto Aprobado ($) | D1: Tipo de Préstamo
A2: 23280 | B2: 45321 | C2: 99989 | D2: Empresarial
A3: 20607 | B3: 45319 | C3: 99685 | D3: Consumo | I3: Cant. | K3: ID Cliente
A4: 49505 | B4: 45304 | C4: 99657 | D4: Hipotecario | G4: Prestamo más alto | H4: =+MAX($C$2:$C$1501) -> 99989 | I4: =+COUNTIF($C$2:$C$1501,"="&H4) -> 1 | J4: =INDEX(D2:D1501,MATCH(MAX(C2:C1501),C2:C1501,0)) -> Empresarial | K4: =INDEX(A2:A1501,MATCH(MAX(C2:C1501),C2:C1501,0)) -> 23280
A5: 20457 | B5: 45323 | C5: 99574 | D5: Consumo | G5: Prestamo más bajo | H5: =+MIN(C2:C1501) -> 511 | I5: =+COUNTIF($C$2:$C$1501,"="&H5) -> 1 | J5: =INDEX(D2:D1501,MATCH(MIN(C2:C1501),C2:C1501,0)) -> Nomina | K5: =INDEX(A2:A1501,MATCH(MIN(C2:C1501),C2:C1501,0)) -> 85547
A6: 30292 | B6: 45298 | C6: 99498 | D6: Consumo
A7: 96355 | B7: 45315 | C7: 99496 | D7: Hipotecario
A8: 23720 | B8: 45324 | C8: 99488 | D8: Hipotecario
A9: 96500 | B9: 45334 | C9: 99381 | D9: Consumo
A10: 63186 | B10: 45296 | C10: 99361 | D10: Empresarial
A11: 32283 | B11: 45341 | C11: 99337 | D11: Hipotecario
A12: 94414 | B12: 45342 | C12: 99329 | D12: Consumo
A13: 57538 | B13: 45348 | C13: 99278 | D13: Empresarial
A14: 98971 | B14: 45342 | C14: 99176 | D14: Hipotecario
A15: 65867 | B15: 45324 | C15: 99059 | D15: Consumo
A16: 83608 | B16: 45303 | C16: 98941 | D16: Hipotecario
A17: 37844 | B17: 45324 | C17: 98888 | D17: Empresarial
... A1501: 85547 | B1501: 45351 | C1501: 511 | D1501: Nomina
